{"errors":[],"warnings":[],"namedChunkGroups":{"app":{"chunks":[15,4],"assets":["webpack-runtime-6f7a0198dd8297082928.js","webpack-runtime-6f7a0198dd8297082928.js.map","app-e6ea278b4820e773561d.js","app-e6ea278b4820e773561d.js.map"],"children":{},"childAssets":{}},"component---src-pages-404-js":{"chunks":[0,5],"assets":["0-155b5ceb3565fdc96f8c.js","0-155b5ceb3565fdc96f8c.js.map","component---src-pages-404-js.32528d2b2c6f4c4d09fe.css","component---src-pages-404-js-252310a35ef1de5ec8fc.js","component---src-pages-404-js-252310a35ef1de5ec8fc.js.map"],"children":{},"childAssets":{}},"component---src-pages-forms-get-involved-form-page-js":{"chunks":[0,1,2,7],"assets":["0-155b5ceb3565fdc96f8c.js","0-155b5ceb3565fdc96f8c.js.map","1-14d7b868878e349e6649.js","1-14d7b868878e349e6649.js.map","2-1ce8878eab66fa74c5e7.js","2-1ce8878eab66fa74c5e7.js.map","component---src-pages-forms-get-involved-form-page-js.32528d2b2c6f4c4d09fe.css","component---src-pages-forms-get-involved-form-page-js-1ae9756b38f0a73ec48e.js","component---src-pages-forms-get-involved-form-page-js-1ae9756b38f0a73ec48e.js.map"],"children":{},"childAssets":{}},"component---src-pages-forms-sponsor-form-page-js":{"chunks":[0,1,2,3,8],"assets":["0-155b5ceb3565fdc96f8c.js","0-155b5ceb3565fdc96f8c.js.map","1-14d7b868878e349e6649.js","1-14d7b868878e349e6649.js.map","2-1ce8878eab66fa74c5e7.js","2-1ce8878eab66fa74c5e7.js.map","3.32528d2b2c6f4c4d09fe.css","3-896ff6bf621ce758a537.js","3-896ff6bf621ce758a537.js.map","component---src-pages-forms-sponsor-form-page-js-d8a56e11ae431524a82f.js","component---src-pages-forms-sponsor-form-page-js-d8a56e11ae431524a82f.js.map"],"children":{},"childAssets":{}},"component---src-pages-forms-submit-project-form-page-js":{"chunks":[0,1,9],"assets":["0-155b5ceb3565fdc96f8c.js","0-155b5ceb3565fdc96f8c.js.map","1-14d7b868878e349e6649.js","1-14d7b868878e349e6649.js.map","component---src-pages-forms-submit-project-form-page-js.32528d2b2c6f4c4d09fe.css","component---src-pages-forms-submit-project-form-page-js-9db2e7ed23c5d071c5a0.js","component---src-pages-forms-submit-project-form-page-js-9db2e7ed23c5d071c5a0.js.map"],"children":{},"childAssets":{}},"component---src-pages-form-test-js":{"chunks":[0,1,2,3,6],"assets":["0-155b5ceb3565fdc96f8c.js","0-155b5ceb3565fdc96f8c.js.map","1-14d7b868878e349e6649.js","1-14d7b868878e349e6649.js.map","2-1ce8878eab66fa74c5e7.js","2-1ce8878eab66fa74c5e7.js.map","3.32528d2b2c6f4c4d09fe.css","3-896ff6bf621ce758a537.js","3-896ff6bf621ce758a537.js.map","component---src-pages-form-test-js-0ed090f4500a08e4feb0.js","component---src-pages-form-test-js-0ed090f4500a08e4feb0.js.map"],"children":{},"childAssets":{}},"component---src-pages-how-it-works-js":{"chunks":[0,10],"assets":["0-155b5ceb3565fdc96f8c.js","0-155b5ceb3565fdc96f8c.js.map","component---src-pages-how-it-works-js.32528d2b2c6f4c4d09fe.css","component---src-pages-how-it-works-js-264f284601325d575114.js","component---src-pages-how-it-works-js-264f284601325d575114.js.map"],"children":{},"childAssets":{}},"component---src-pages-index-js":{"chunks":[0,11],"assets":["0-155b5ceb3565fdc96f8c.js","0-155b5ceb3565fdc96f8c.js.map","component---src-pages-index-js.32528d2b2c6f4c4d09fe.css","component---src-pages-index-js-595e271fffa019125177.js","component---src-pages-index-js-595e271fffa019125177.js.map"],"children":{},"childAssets":{}},"component---src-pages-showcase-js":{"chunks":[0,12],"assets":["0-155b5ceb3565fdc96f8c.js","0-155b5ceb3565fdc96f8c.js.map","component---src-pages-showcase-js.32528d2b2c6f4c4d09fe.css","component---src-pages-showcase-js-ce815711af106fcc24b8.js","component---src-pages-showcase-js-ce815711af106fcc24b8.js.map"],"children":{},"childAssets":{}},"component---src-pages-who-we-are-js":{"chunks":[0,13],"assets":["0-155b5ceb3565fdc96f8c.js","0-155b5ceb3565fdc96f8c.js.map","component---src-pages-who-we-are-js.32528d2b2c6f4c4d09fe.css","component---src-pages-who-we-are-js-ef0a874b077dcb072daa.js","component---src-pages-who-we-are-js-ef0a874b077dcb072daa.js.map"],"children":{},"childAssets":{}},"pages-manifest":{"chunks":[14],"assets":["pages-manifest-2bdaeb1596c78feb2a45.js","pages-manifest-2bdaeb1596c78feb2a45.js.map"],"children":{},"childAssets":{}}},"assetsByChunkName":{"app":["webpack-runtime-6f7a0198dd8297082928.js","app-e6ea278b4820e773561d.js"],"component---src-pages-404-js":["0-155b5ceb3565fdc96f8c.js","component---src-pages-404-js.32528d2b2c6f4c4d09fe.css","component---src-pages-404-js-252310a35ef1de5ec8fc.js"],"component---src-pages-forms-get-involved-form-page-js":["0-155b5ceb3565fdc96f8c.js","1-14d7b868878e349e6649.js","2-1ce8878eab66fa74c5e7.js","component---src-pages-forms-get-involved-form-page-js.32528d2b2c6f4c4d09fe.css","component---src-pages-forms-get-involved-form-page-js-1ae9756b38f0a73ec48e.js"],"component---src-pages-forms-sponsor-form-page-js":["0-155b5ceb3565fdc96f8c.js","1-14d7b868878e349e6649.js","2-1ce8878eab66fa74c5e7.js","3.32528d2b2c6f4c4d09fe.css","3-896ff6bf621ce758a537.js","component---src-pages-forms-sponsor-form-page-js-d8a56e11ae431524a82f.js"],"component---src-pages-forms-submit-project-form-page-js":["0-155b5ceb3565fdc96f8c.js","1-14d7b868878e349e6649.js","component---src-pages-forms-submit-project-form-page-js.32528d2b2c6f4c4d09fe.css","component---src-pages-forms-submit-project-form-page-js-9db2e7ed23c5d071c5a0.js"],"component---src-pages-form-test-js":["0-155b5ceb3565fdc96f8c.js","1-14d7b868878e349e6649.js","2-1ce8878eab66fa74c5e7.js","3.32528d2b2c6f4c4d09fe.css","3-896ff6bf621ce758a537.js","component---src-pages-form-test-js-0ed090f4500a08e4feb0.js"],"component---src-pages-how-it-works-js":["0-155b5ceb3565fdc96f8c.js","component---src-pages-how-it-works-js.32528d2b2c6f4c4d09fe.css","component---src-pages-how-it-works-js-264f284601325d575114.js"],"component---src-pages-index-js":["0-155b5ceb3565fdc96f8c.js","component---src-pages-index-js.32528d2b2c6f4c4d09fe.css","component---src-pages-index-js-595e271fffa019125177.js"],"component---src-pages-showcase-js":["0-155b5ceb3565fdc96f8c.js","component---src-pages-showcase-js.32528d2b2c6f4c4d09fe.css","component---src-pages-showcase-js-ce815711af106fcc24b8.js"],"component---src-pages-who-we-are-js":["0-155b5ceb3565fdc96f8c.js","component---src-pages-who-we-are-js.32528d2b2c6f4c4d09fe.css","component---src-pages-who-we-are-js-ef0a874b077dcb072daa.js"],"pages-manifest":["pages-manifest-2bdaeb1596c78feb2a45.js"]}}